<?xml version="1.0" encoding="UTF-8"?>
<!DOCTYPE tiles-definitions PUBLIC 
	"-//Apache Software Foundation//DTD Tiles Configuration 2.0//EN"
	"http://tiles.apache.org/dtds/tiles-config_2.0.dtd">
	
<tiles-definitions>
	<definition name="recipeboard/recipeList" extends="baseLayout">
		<put-attribute name="title" value="레시피 게시판"/>
		<put-attribute name="body" value="/WEB-INF/views/recipeBoard/recipeList.jsp"/>
	</definition>
	
	<definition name="recipeboard/recipeArticleForm" extends="baseLayout">
		<put-attribute name="title" value="레시피 쓰기"/>
		<put-attribute name="body" value="/WEB-INF/views/recipeBoard/recipeArticleForm.jsp"/>
	</definition>
	
	
</tiles-definitions>