<?xml version="1.0" encoding="UTF-8"?>
<!DOCTYPE mapper PUBLIC "-//mybatis.org//DTD Mapper 3.0//EN"
	"http://mybatis.org/dtd/mybatis-3-mapper.dtd">

<mapper namespace="mapper.member">
	<resultMap type="memberDTO" id="memResult">
		<result property="id" column="id" />
		<result property="pwd" column="pwd" />
		<result property="name" column="name" />
		<result property="email" column="email" />
		<result property="gender" column="gender" />
		<result property="joinDate" column="joinDate" />
	</resultMap>
	
	
	<!-- 회원가입 -->
	<insert id="insertMember" parameterType="memberDTO">
		<![CDATA[
			insert into user_board values(#{id}, #{pwd}, #{email}, #{name}, #{gender}, sysdate)
		]]>
	</insert>
	
	<!-- 아이디 중복체크 -->
	<select id="checkById" parameterType="String" resultType="int">
		<![CDATA[
			select count(*) from user_board where id=#{id}
		]]>
	</select>
	
	<!-- 로그인 -->
	<select id="loginById" parameterType="memberDTO" resultType="memberDTO">
		<![CDATA[
			select * from user_board where id=#{id} and pwd=#{pwd}
		]]>
	</select>
	
	
</mapper>